accuracy,macro_f1,weighted_f1
0.9090909090909091,0.9083982683982684,0.9090909090909091
