metric,score
accuracy,0.6666666666666666
macro_f1,0.5994227994227994
weighted_f1,0.6301106301106302
