metric,score
accuracy,0.5757575757575758
macro_f1,0.5076923076923077
weighted_f1,0.5283605283605284
