metric,score
accuracy,0.9090909090909091
macro_f1,0.9083982683982684
weighted_f1,0.9090909090909091
